Reference,Qty,Value,DNP,Exclude from BOM,Exclude from Board,Footprint,Datasheet
"U2,U3",2,LM5122QMHE/NOPB,,,,Components:PWP0020A_M,MPN: LM5122QMHE/NOPB
"R39,R40",2,5m,,,,Components:RES_TLRP-3A_TEC,MPN: TLRP3A30CR005FTE
"R36,R38,R42",3,36k,,,,Components:RC0603N_YAG,MPN: RC0603FR-0736KL
R7,1,47k,,,,Components:RC0603N_YAG,MPN: RC0603FR-0747KL
R5,1,49.9k,,,,Components:RES_RN73R_1J_KOA,MPN: RN73R1JTTD4992F25
R4,1,10k,,,,Components:RC0603N_YAG,MPN: RC0603FR-0710KL
R3,1,392k,,,,Components:RC0603N_YAG,MPN: RC0603FR-07392KL
R2,1,18.4k,,,,Components:RESC1608X55N,MPN: RN73R1JTTD1842B25
R1,1,56.2k,,,,Components:RC0603N_YAG,MPN: RC0603FR-0756K2L
Q5,1,BSS138,,,,Components:SOT-23_3L_ONS,BSS138
"Q1,Q2,Q3,Q4",4,CSD19531Q5A,,,,Package_TO_SOT_SMD:TDSON-8-1,MPN: CSD19531Q5A
"L7,L8",2,2818B_7443641000B,,,,Components:L_Wurth_WE-HCF-2818B,MPN: 7443641000B
"D7,D8",2,SDM1U100S1F-7,,,,Components:SODFL3518X115N,MPN: SDM1U100S1F-7
C36,1,10u,,,,Components:PCAP_8x10-ELECT_NCH,MPN: UUX2A100MNL1GS
C33,1,22u,,,,Components:CAPC6153X670N,MPN: KRM55WR72A226MH01K
C29,1,100n,,,,Components:CAP_CL10_SAM,MPN: CL10B104KB8NNNC
"C27,C35",2,22u,,,,Components:PCAP_8x10-ELECT_NCH,MPN: UCD2A220MNL1GS
"C25,C26",2,47u,,,,Components:PCAP_10x10-ELECT_NCA,MPN: UUX2A470MNL1GS
"C4,C6",2,0.22u,,,,Components:CAP_C1206C-EC_KEM,MPN: C1206C224M1REC7210
"C3,C5",2,10u,,,,Components:CAPC3216X190N,MPN: CNC5L1X7R1H106K160AE
C2,1,22n,,,,Components:YAG_CC0603_YAG,MPN: CC0603KRX7R9BB223
C1,1,0.47u,,,,Components:CAPC340180_100N_KEM,MPN: C1206C474K1RACTU
"R43,R44,R45,R46",4,4.7,,,,Components:RC0603N_YAG,MPN: RC0603FR-074R7L
"R47,R48",2,10,,,,Components:RC0805N_YAG,MPN: RC0805FR-0710RL
"C37,C38,C39,C40",4,100n,,,,Components:CAP_CL10_SAM,MPN: CL10B104KB8NNNC
"C41,C42",2,220p,,,,Components:CAP_CL10_SAM,MPN: GRM1885C2A221JA01D
C7,1,470nF 25V X7R,,,,Capacitor_SMD:C_0603_1608Metric,
C8,1,470nF 25V X7R,,,,Capacitor_SMD:C_0603_1608Metric,
C9,1,470nF 50V X7R,,,,Capacitor_SMD:C_0603_1608Metric,
C10,1,100nF 100V X7R,,,,Capacitor_SMD:C_0603_1608Metric,
C11,1,100nF 100V X7R,,,,Capacitor_SMD:C_0603_1608Metric,
C12,1,1uF 100V X7R,,,,Capacitor_SMD:C_1210_3225Metric,
C13,1,4.7uF 25V X7R,,,,Capacitor_SMD:C_0805_2012Metric,
C14,1,4.7uF 25V X7R,,,,Capacitor_SMD:C_0805_2012Metric,
C15,1,220uF 63V low-ESR,,,,Components:PCAP_10x10-ELECT_NCA,
C16,1,1uF 100V X7R,,,,Capacitor_SMD:C_1210_3225Metric,
C17,1,100nF 100V X7R,,,,Capacitor_SMD:C_0603_1608Metric,
C18,1,100nF 100V X7R,,,,Capacitor_SMD:C_0603_1608Metric,
C19,1,470nF 50V X7R,,,,Capacitor_SMD:C_0603_1608Metric,
C20,1,100uF 63V low-ESR,,,,Components:PCAP_8x10-ELECT_NCH,
C21,1,100uF 63V low-ESR,,,,Components:PCAP_8x10-ELECT_NCH,
C22,1,1uF 100V X7R,,,,Capacitor_SMD:C_1210_3225Metric,
D1,1,V1FM10-M3/H,,,,Diode_SMD:D_SMF,
D2,1,V1FM10-M3/H,,,,Diode_SMD:D_SMF,
J2,1,BAT TEMP: 10k NTC B3435,,,,Connector_JST:JST_XH_B2B-XH-A_1x02_P2.50mm_Vertical,
L2,1,SRP1510CA-100M,,,,Components:SRP1510CA100M,
P1,1,USB_C_Plug_USB2.0,,,,,
Q6,1,SIR680LDP-T1-RE3,,,,Components:MOSFET_DP-T1-RE3_VIS,
Q7,1,SIR680LDP-T1-RE3,,,,Components:MOSFET_DP-T1-RE3_VIS,
Q8,1,SIR680LDP-T1-RE3,,,,Components:MOSFET_DP-T1-RE3_VIS,
Q9,1,SIR680LDP-T1-RE3,,,,Components:MOSFET_DP-T1-RE3_VIS,
R6,1,4.7k,,,,Resistor_SMD:R_0603_1608Metric,
R8,1,4.7k,,,,Resistor_SMD:R_0603_1608Metric,
R9,1,10k,,,,Resistor_SMD:R_0603_1608Metric,
R10,1,10R,,,,Resistor_SMD:R_0603_1608Metric,
R11,1,10R,,,,Resistor_SMD:R_0603_1608Metric,
R12,1,2mOhm 1% >=3W,,,,Components:CSSK3637_4Terminal_Kelvin,
R13,1,0R,,,,Resistor_SMD:R_0603_1608Metric,
R14,1,5mOhm 1% >=3W,,,,Components:CSSK3637_4Terminal_Kelvin,
R15,1,10R,,,,Resistor_SMD:R_0603_1608Metric,
R16,1,10R,,,,Resistor_SMD:R_0603_1608Metric,
R17,1,5.23k 0.1%,,,,Resistor_SMD:R_0603_1608Metric,
R18,1,30.1k 0.1%,,,,Resistor_SMD:R_0603_1608Metric,
R19,1,133k 0.1%,,,,Resistor_SMD:R_0603_1608Metric,
R20,1,1.00M 0.1%,,,,Resistor_SMD:R_0805_2012Metric,
R21,1,287k 0.1%,,,,Resistor_SMD:R_0603_1608Metric,
R22,1,37.4k 0.1%,,,,Resistor_SMD:R_0603_1608Metric,
R24,1,249k 0.1%,,,,Resistor_SMD:R_0603_1608Metric,
R25,1,29.4k 0.1%,,,,Resistor_SMD:R_0603_1608Metric,
R26,1,10k,,,,Resistor_SMD:R_0603_1608Metric,
R27,1,1K,,,,,
R28,1,10K,,,,,
R29,1,10K,,,,,
R30,1,2.61k 0.1%,,,,Resistor_SMD:R_0603_1608Metric,
R31,1,2.21k 0.1%,,,,Resistor_SMD:R_0603_1608Metric,
SW1,1,SW_Push,,,,,
U1,1,BQ25756RRVR,,,,Components:VQFN36_RRV_TEX,
U4,1,RP2354A,,,,Package_DFN_QFN:QFN-60-1EP_7x7mm_P0.4mm_EP3.4x3.4mm,
